"file","subject","run","t","tile","freqtile_power"
"157/stop3/_rustop3_4d.nii.gz","157","stop3",1,1,2.08479599095857
"157/stop3/_rustop3_4d.nii.gz","157","stop3",1,2,0.0227286912795236
"157/stop3/_rustop3_4d.nii.gz","157","stop3",1,3,0.007803023084722
"157/stop3/_rustop3_4d.nii.gz","157","stop3",1,4,0.00410960115748051
"157/stop3/_rustop3_4d.nii.gz","157","stop3",1,5,0.00201484802313458
"157/stop3/_rustop3_4d.nii.gz","157","stop3",1,6,0.00147606339182316
"157/stop3/_rustop3_4d.nii.gz","157","stop3",1,7,0.00122856486415272
"157/stop3/_rustop3_4d.nii.gz","157","stop3",1,8,0.000807449882090477
"157/stop3/_rustop3_4d.nii.gz","157","stop3",1,9,0.000645412857946631
"157/stop3/_rustop3_4d.nii.gz","157","stop3",1,10,0.000514674817522241
"157/stop3/_rustop3_4d.nii.gz","157","stop3",1,11,0.000472893366532561
"157/stop3/_rustop3_4d.nii.gz","157","stop3",2,1,2.08299984076896
"157/stop3/_rustop3_4d.nii.gz","157","stop3",2,2,0.0220745075318897
"157/stop3/_rustop3_4d.nii.gz","157","stop3",2,3,0.00812951503727674
"157/stop3/_rustop3_4d.nii.gz","157","stop3",2,4,0.00403977732469397
"157/stop3/_rustop3_4d.nii.gz","157","stop3",2,5,0.00204668716127251
"157/stop3/_rustop3_4d.nii.gz","157","stop3",2,6,0.00165039404919105
"157/stop3/_rustop3_4d.nii.gz","157","stop3",2,7,0.00121718278900955
"157/stop3/_rustop3_4d.nii.gz","157","stop3",2,8,0.000817160205358673
"157/stop3/_rustop3_4d.nii.gz","157","stop3",2,9,0.000718315014099928
"157/stop3/_rustop3_4d.nii.gz","157","stop3",2,10,0.000496926955128381
"157/stop3/_rustop3_4d.nii.gz","157","stop3",2,11,0.000505782438701176
"157/stop3/_rustop3_4d.nii.gz","157","stop3",3,1,2.08333618315061
"157/stop3/_rustop3_4d.nii.gz","157","stop3",3,2,0.0219498311967136
"157/stop3/_rustop3_4d.nii.gz","157","stop3",3,3,0.00826715569006562
"157/stop3/_rustop3_4d.nii.gz","157","stop3",3,4,0.00416269325138508
"157/stop3/_rustop3_4d.nii.gz","157","stop3",3,5,0.00196935381792484
"157/stop3/_rustop3_4d.nii.gz","157","stop3",3,6,0.00159170801830982
"157/stop3/_rustop3_4d.nii.gz","157","stop3",3,7,0.00113984401224704
"157/stop3/_rustop3_4d.nii.gz","157","stop3",3,8,0.000744850591869889
"157/stop3/_rustop3_4d.nii.gz","157","stop3",3,9,0.000584482698726253
"157/stop3/_rustop3_4d.nii.gz","157","stop3",3,10,0.000462657815775212
"157/stop3/_rustop3_4d.nii.gz","157","stop3",3,11,0.000455120528023326
"157/stop3/_rustop3_4d.nii.gz","157","stop3",4,1,2.08330499887218
"157/stop3/_rustop3_4d.nii.gz","157","stop3",4,2,0.0222226702158666
"157/stop3/_rustop3_4d.nii.gz","157","stop3",4,3,0.00802971482464999
"157/stop3/_rustop3_4d.nii.gz","157","stop3",4,4,0.00398145818769583
"157/stop3/_rustop3_4d.nii.gz","157","stop3",4,5,0.00212525407193109
"157/stop3/_rustop3_4d.nii.gz","157","stop3",4,6,0.00153237834207988
"157/stop3/_rustop3_4d.nii.gz","157","stop3",4,7,0.00111551226507824
"157/stop3/_rustop3_4d.nii.gz","157","stop3",4,8,0.000705579071647099
"157/stop3/_rustop3_4d.nii.gz","157","stop3",4,9,0.000592691903915038
"157/stop3/_rustop3_4d.nii.gz","157","stop3",4,10,0.000418847657273977
"157/stop3/_rustop3_4d.nii.gz","157","stop3",4,11,0.000397885097989263
"157/stop3/_rustop3_4d.nii.gz","157","stop3",5,1,2.10190477981225
"157/stop3/_rustop3_4d.nii.gz","157","stop3",5,2,0.0223369816858638
"157/stop3/_rustop3_4d.nii.gz","157","stop3",5,3,0.00767092983917477
"157/stop3/_rustop3_4d.nii.gz","157","stop3",5,4,0.00405905969953716
"157/stop3/_rustop3_4d.nii.gz","157","stop3",5,5,0.00216509523341473
"157/stop3/_rustop3_4d.nii.gz","157","stop3",5,6,0.00149012533769255
"157/stop3/_rustop3_4d.nii.gz","157","stop3",5,7,0.00115727201562545
"157/stop3/_rustop3_4d.nii.gz","157","stop3",5,8,0.00081636078375011
"157/stop3/_rustop3_4d.nii.gz","157","stop3",5,9,0.000557658074046315
"157/stop3/_rustop3_4d.nii.gz","157","stop3",5,10,0.000473768367771185
"157/stop3/_rustop3_4d.nii.gz","157","stop3",5,11,0.000428059142678144
"157/stop3/_rustop3_4d.nii.gz","157","stop3",6,1,2.09811989308902
"157/stop3/_rustop3_4d.nii.gz","157","stop3",6,2,0.0223304111166425
"157/stop3/_rustop3_4d.nii.gz","157","stop3",6,3,0.00772438678512519
"157/stop3/_rustop3_4d.nii.gz","157","stop3",6,4,0.00392700330026072
"157/stop3/_rustop3_4d.nii.gz","157","stop3",6,5,0.00202025959471812
"157/stop3/_rustop3_4d.nii.gz","157","stop3",6,6,0.00146172039684887
"157/stop3/_rustop3_4d.nii.gz","157","stop3",6,7,0.00113127672910076
"157/stop3/_rustop3_4d.nii.gz","157","stop3",6,8,0.000785496266984908
"157/stop3/_rustop3_4d.nii.gz","157","stop3",6,9,0.000555390506492311
"157/stop3/_rustop3_4d.nii.gz","157","stop3",6,10,0.000431115878657772
"157/stop3/_rustop3_4d.nii.gz","157","stop3",6,11,0.000422629792109918
"157/stop3/_rustop3_4d.nii.gz","157","stop3",7,1,2.09702012054452
"157/stop3/_rustop3_4d.nii.gz","157","stop3",7,2,0.0220688567258472
"157/stop3/_rustop3_4d.nii.gz","157","stop3",7,3,0.00807824922262593
"157/stop3/_rustop3_4d.nii.gz","157","stop3",7,4,0.00390619301587271
"157/stop3/_rustop3_4d.nii.gz","157","stop3",7,5,0.00197414882500754
"157/stop3/_rustop3_4d.nii.gz","157","stop3",7,6,0.00147274297840214
"157/stop3/_rustop3_4d.nii.gz","157","stop3",7,7,0.00109516100042131
"157/stop3/_rustop3_4d.nii.gz","157","stop3",7,8,0.000826497246779516
"157/stop3/_rustop3_4d.nii.gz","157","stop3",7,9,0.000635459929992594
"157/stop3/_rustop3_4d.nii.gz","157","stop3",7,10,0.00050214908179658
"157/stop3/_rustop3_4d.nii.gz","157","stop3",7,11,0.000533737212139202
"157/stop3/_rustop3_4d.nii.gz","157","stop3",8,1,2.0781187384296
"157/stop3/_rustop3_4d.nii.gz","157","stop3",8,2,0.0226231578642852
"157/stop3/_rustop3_4d.nii.gz","157","stop3",8,3,0.00799530898714186
"157/stop3/_rustop3_4d.nii.gz","157","stop3",8,4,0.00396689809243333
"157/stop3/_rustop3_4d.nii.gz","157","stop3",8,5,0.00203184223092713
"157/stop3/_rustop3_4d.nii.gz","157","stop3",8,6,0.00157431145687164
"157/stop3/_rustop3_4d.nii.gz","157","stop3",8,7,0.00128516162923438
"157/stop3/_rustop3_4d.nii.gz","157","stop3",8,8,0.000857420052884854
"157/stop3/_rustop3_4d.nii.gz","157","stop3",8,9,0.000620858575416286
"157/stop3/_rustop3_4d.nii.gz","157","stop3",8,10,0.000478857089418063
"157/stop3/_rustop3_4d.nii.gz","157","stop3",8,11,0.000472774652258821
"157/stop3/_rustop3_4d.nii.gz","157","stop3",9,1,2.09559811720035
"157/stop3/_rustop3_4d.nii.gz","157","stop3",9,2,0.0224825380359775
"157/stop3/_rustop3_4d.nii.gz","157","stop3",9,3,0.00751411856741802
"157/stop3/_rustop3_4d.nii.gz","157","stop3",9,4,0.00397724146008251
"157/stop3/_rustop3_4d.nii.gz","157","stop3",9,5,0.00213486082056947
"157/stop3/_rustop3_4d.nii.gz","157","stop3",9,6,0.00146204222929911
"157/stop3/_rustop3_4d.nii.gz","157","stop3",9,7,0.00129236613307585
"157/stop3/_rustop3_4d.nii.gz","157","stop3",9,8,0.000799563733573684
"157/stop3/_rustop3_4d.nii.gz","157","stop3",9,9,0.000532866856706481
"157/stop3/_rustop3_4d.nii.gz","157","stop3",9,10,0.000476666973847379
"157/stop3/_rustop3_4d.nii.gz","157","stop3",9,11,0.000391208289954132
"157/stop3/_rustop3_4d.nii.gz","157","stop3",10,1,2.10371935134064
"157/stop3/_rustop3_4d.nii.gz","157","stop3",10,2,0.0224156956542992
"157/stop3/_rustop3_4d.nii.gz","157","stop3",10,3,0.00750654442080089
"157/stop3/_rustop3_4d.nii.gz","157","stop3",10,4,0.0039810992725746
"157/stop3/_rustop3_4d.nii.gz","157","stop3",10,5,0.00204390415920382
"157/stop3/_rustop3_4d.nii.gz","157","stop3",10,6,0.0016451746491157
"157/stop3/_rustop3_4d.nii.gz","157","stop3",10,7,0.00118144760861371
"157/stop3/_rustop3_4d.nii.gz","157","stop3",10,8,0.000737462786653541
"157/stop3/_rustop3_4d.nii.gz","157","stop3",10,9,0.00059611145673139
"157/stop3/_rustop3_4d.nii.gz","157","stop3",10,10,0.000434887382794159
"157/stop3/_rustop3_4d.nii.gz","157","stop3",10,11,0.00042830039930343
"157/stop3/_rustop3_4d.nii.gz","157","stop3",11,1,2.1004565070077
"157/stop3/_rustop3_4d.nii.gz","157","stop3",11,2,0.022525785743772
"157/stop3/_rustop3_4d.nii.gz","157","stop3",11,3,0.00788934157666452
"157/stop3/_rustop3_4d.nii.gz","157","stop3",11,4,0.00404100397862457
"157/stop3/_rustop3_4d.nii.gz","157","stop3",11,5,0.00202463188857693
"157/stop3/_rustop3_4d.nii.gz","157","stop3",11,6,0.00147095568987065
"157/stop3/_rustop3_4d.nii.gz","157","stop3",11,7,0.00120804499418601
"157/stop3/_rustop3_4d.nii.gz","157","stop3",11,8,0.000769431979512603
"157/stop3/_rustop3_4d.nii.gz","157","stop3",11,9,0.000719779659632186
"157/stop3/_rustop3_4d.nii.gz","157","stop3",11,10,0.000540902286922438
"157/stop3/_rustop3_4d.nii.gz","157","stop3",11,11,0.000518874734549779
"157/stop3/_rustop3_4d.nii.gz","157","stop3",12,1,2.10478201672335
"157/stop3/_rustop3_4d.nii.gz","157","stop3",12,2,0.0222306259993017
"157/stop3/_rustop3_4d.nii.gz","157","stop3",12,3,0.0082024804260668
"157/stop3/_rustop3_4d.nii.gz","157","stop3",12,4,0.00404025536102703
"157/stop3/_rustop3_4d.nii.gz","157","stop3",12,5,0.00196250997224898
"157/stop3/_rustop3_4d.nii.gz","157","stop3",12,6,0.00151713841967948
"157/stop3/_rustop3_4d.nii.gz","157","stop3",12,7,0.00115495709013834
"157/stop3/_rustop3_4d.nii.gz","157","stop3",12,8,0.000751236101302191
"157/stop3/_rustop3_4d.nii.gz","157","stop3",12,9,0.000552985620983515
"157/stop3/_rustop3_4d.nii.gz","157","stop3",12,10,0.00041108555990867
"157/stop3/_rustop3_4d.nii.gz","157","stop3",12,11,0.000386567320404982
"157/stop3/_rustop3_4d.nii.gz","157","stop3",13,1,2.09917076568757
"157/stop3/_rustop3_4d.nii.gz","157","stop3",13,2,0.022604148253547
"157/stop3/_rustop3_4d.nii.gz","157","stop3",13,3,0.00809246455662288
"157/stop3/_rustop3_4d.nii.gz","157","stop3",13,4,0.00389533482506319
"157/stop3/_rustop3_4d.nii.gz","157","stop3",13,5,0.00198705911616763
"157/stop3/_rustop3_4d.nii.gz","157","stop3",13,6,0.00150637459586604
"157/stop3/_rustop3_4d.nii.gz","157","stop3",13,7,0.00109268109389689
"157/stop3/_rustop3_4d.nii.gz","157","stop3",13,8,0.000715315251147469
"157/stop3/_rustop3_4d.nii.gz","157","stop3",13,9,0.000585510320133477
"157/stop3/_rustop3_4d.nii.gz","157","stop3",13,10,0.000404374477168456
"157/stop3/_rustop3_4d.nii.gz","157","stop3",13,11,0.0003737397043695
"157/stop3/_rustop3_4d.nii.gz","157","stop3",14,1,2.08708293020528
"157/stop3/_rustop3_4d.nii.gz","157","stop3",14,2,0.0223890309242102
"157/stop3/_rustop3_4d.nii.gz","157","stop3",14,3,0.00791413260919809
"157/stop3/_rustop3_4d.nii.gz","157","stop3",14,4,0.00394122265580351
"157/stop3/_rustop3_4d.nii.gz","157","stop3",14,5,0.00217273984512685
"157/stop3/_rustop3_4d.nii.gz","157","stop3",14,6,0.00152479340186203
"157/stop3/_rustop3_4d.nii.gz","157","stop3",14,7,0.00115000416372507
"157/stop3/_rustop3_4d.nii.gz","157","stop3",14,8,0.000744114097576024
"157/stop3/_rustop3_4d.nii.gz","157","stop3",14,9,0.000609562483662605
"157/stop3/_rustop3_4d.nii.gz","157","stop3",14,10,0.000394902245156766
"157/stop3/_rustop3_4d.nii.gz","157","stop3",14,11,0.000382111330539596
"157/stop3/_rustop3_4d.nii.gz","157","stop3",15,1,2.09387424055112
"157/stop3/_rustop3_4d.nii.gz","157","stop3",15,2,0.0225958555625796
"157/stop3/_rustop3_4d.nii.gz","157","stop3",15,3,0.00768335147607165
"157/stop3/_rustop3_4d.nii.gz","157","stop3",15,4,0.00401146759988756
"157/stop3/_rustop3_4d.nii.gz","157","stop3",15,5,0.00233566881536714
"157/stop3/_rustop3_4d.nii.gz","157","stop3",15,6,0.00171844494091146
"157/stop3/_rustop3_4d.nii.gz","157","stop3",15,7,0.00120644443596162
"157/stop3/_rustop3_4d.nii.gz","157","stop3",15,8,0.000774347567824895
"157/stop3/_rustop3_4d.nii.gz","157","stop3",15,9,0.000565783205105837
"157/stop3/_rustop3_4d.nii.gz","157","stop3",15,10,0.000453108304153036
"157/stop3/_rustop3_4d.nii.gz","157","stop3",15,11,0.000460526427006521
"157/stop3/_rustop3_4d.nii.gz","157","stop3",16,1,2.0919825261739
"157/stop3/_rustop3_4d.nii.gz","157","stop3",16,2,0.0226840213969004
"157/stop3/_rustop3_4d.nii.gz","157","stop3",16,3,0.00770500265761586
"157/stop3/_rustop3_4d.nii.gz","157","stop3",16,4,0.00402076135744623
"157/stop3/_rustop3_4d.nii.gz","157","stop3",16,5,0.00217562732136057
"157/stop3/_rustop3_4d.nii.gz","157","stop3",16,6,0.00148023514163959
"157/stop3/_rustop3_4d.nii.gz","157","stop3",16,7,0.00120589834178656
"157/stop3/_rustop3_4d.nii.gz","157","stop3",16,8,0.000727877511815307
"157/stop3/_rustop3_4d.nii.gz","157","stop3",16,9,0.000576427241884579
"157/stop3/_rustop3_4d.nii.gz","157","stop3",16,10,0.000416831806637674
"157/stop3/_rustop3_4d.nii.gz","157","stop3",16,11,0.000435731667120954
"157/stop3/_rustop3_4d.nii.gz","157","stop3",17,1,2.10080091850106
"157/stop3/_rustop3_4d.nii.gz","157","stop3",17,2,0.0227159274163381
"157/stop3/_rustop3_4d.nii.gz","157","stop3",17,3,0.00800939621146926
"157/stop3/_rustop3_4d.nii.gz","157","stop3",17,4,0.00397594468153996
"157/stop3/_rustop3_4d.nii.gz","157","stop3",17,5,0.00203702683046006
"157/stop3/_rustop3_4d.nii.gz","157","stop3",17,6,0.00159243891877529
"157/stop3/_rustop3_4d.nii.gz","157","stop3",17,7,0.00109632292193116
"157/stop3/_rustop3_4d.nii.gz","157","stop3",17,8,0.000799230112204821
"157/stop3/_rustop3_4d.nii.gz","157","stop3",17,9,0.000565586558691526
"157/stop3/_rustop3_4d.nii.gz","157","stop3",17,10,0.000478021312394053
"157/stop3/_rustop3_4d.nii.gz","157","stop3",17,11,0.000479734156774229
"157/stop3/_rustop3_4d.nii.gz","157","stop3",18,1,2.10328698614244
"157/stop3/_rustop3_4d.nii.gz","157","stop3",18,2,0.0222123411575882
"157/stop3/_rustop3_4d.nii.gz","157","stop3",18,3,0.00817256717693863
"157/stop3/_rustop3_4d.nii.gz","157","stop3",18,4,0.00392614357854224
"157/stop3/_rustop3_4d.nii.gz","157","stop3",18,5,0.00195704590785068
"157/stop3/_rustop3_4d.nii.gz","157","stop3",18,6,0.00150122935263478
"157/stop3/_rustop3_4d.nii.gz","157","stop3",18,7,0.00116982107743503
"157/stop3/_rustop3_4d.nii.gz","157","stop3",18,8,0.000788182742304965
"157/stop3/_rustop3_4d.nii.gz","157","stop3",18,9,0.000629240070826542
"157/stop3/_rustop3_4d.nii.gz","157","stop3",18,10,0.000491794260790676
"157/stop3/_rustop3_4d.nii.gz","157","stop3",18,11,0.000508469368716443
"157/stop3/_rustop3_4d.nii.gz","157","stop3",19,1,2.10118915175784
"157/stop3/_rustop3_4d.nii.gz","157","stop3",19,2,0.0219757455900388
"157/stop3/_rustop3_4d.nii.gz","157","stop3",19,3,0.00840004612109795
"157/stop3/_rustop3_4d.nii.gz","157","stop3",19,4,0.00404010609760805
"157/stop3/_rustop3_4d.nii.gz","157","stop3",19,5,0.00199367049684645
"157/stop3/_rustop3_4d.nii.gz","157","stop3",19,6,0.00156837811087895
"157/stop3/_rustop3_4d.nii.gz","157","stop3",19,7,0.00116558188817791
"157/stop3/_rustop3_4d.nii.gz","157","stop3",19,8,0.000775210657444015
"157/stop3/_rustop3_4d.nii.gz","157","stop3",19,9,0.000626763115549508
"157/stop3/_rustop3_4d.nii.gz","157","stop3",19,10,0.000477323583844507
"157/stop3/_rustop3_4d.nii.gz","157","stop3",19,11,0.000470030666598724
"157/stop3/_rustop3_4d.nii.gz","157","stop3",20,1,2.07234506184482
"157/stop3/_rustop3_4d.nii.gz","157","stop3",20,2,0.0222669206680184
"157/stop3/_rustop3_4d.nii.gz","157","stop3",20,3,0.00821428624827704
"157/stop3/_rustop3_4d.nii.gz","157","stop3",20,4,0.00397035115663107
"157/stop3/_rustop3_4d.nii.gz","157","stop3",20,5,0.0019307504321389
"157/stop3/_rustop3_4d.nii.gz","157","stop3",20,6,0.00142296905735781
"157/stop3/_rustop3_4d.nii.gz","157","stop3",20,7,0.00119488802085882
"157/stop3/_rustop3_4d.nii.gz","157","stop3",20,8,0.000739124244065264
"157/stop3/_rustop3_4d.nii.gz","157","stop3",20,9,0.000573163164177517
"157/stop3/_rustop3_4d.nii.gz","157","stop3",20,10,0.000400639039468996
"157/stop3/_rustop3_4d.nii.gz","157","stop3",20,11,0.00037207278948769
"157/stop3/_rustop3_4d.nii.gz","157","stop3",21,1,2.08340222022167
"157/stop3/_rustop3_4d.nii.gz","157","stop3",21,2,0.0226208093911455
"157/stop3/_rustop3_4d.nii.gz","157","stop3",21,3,0.00821353254858525
"157/stop3/_rustop3_4d.nii.gz","157","stop3",21,4,0.00392180026859724
"157/stop3/_rustop3_4d.nii.gz","157","stop3",21,5,0.00237124198711068
"157/stop3/_rustop3_4d.nii.gz","157","stop3",21,6,0.00155377443249948
"157/stop3/_rustop3_4d.nii.gz","157","stop3",21,7,0.00112974337789559
"157/stop3/_rustop3_4d.nii.gz","157","stop3",21,8,0.000756713215240084
"157/stop3/_rustop3_4d.nii.gz","157","stop3",21,9,0.000593291319928035
"157/stop3/_rustop3_4d.nii.gz","157","stop3",21,10,0.000405148922275711
"157/stop3/_rustop3_4d.nii.gz","157","stop3",21,11,0.000398719997796443
"157/stop3/_rustop3_4d.nii.gz","157","stop3",22,1,2.09317804273173
"157/stop3/_rustop3_4d.nii.gz","157","stop3",22,2,0.0225466196897289
"157/stop3/_rustop3_4d.nii.gz","157","stop3",22,3,0.00775713732903551
"157/stop3/_rustop3_4d.nii.gz","157","stop3",22,4,0.00397980891627429
"157/stop3/_rustop3_4d.nii.gz","157","stop3",22,5,0.00236607730799512
"157/stop3/_rustop3_4d.nii.gz","157","stop3",22,6,0.00159091043292975
"157/stop3/_rustop3_4d.nii.gz","157","stop3",22,7,0.00120344108159494
"157/stop3/_rustop3_4d.nii.gz","157","stop3",22,8,0.000776720978135735
"157/stop3/_rustop3_4d.nii.gz","157","stop3",22,9,0.0005417216680859
"157/stop3/_rustop3_4d.nii.gz","157","stop3",22,10,0.000423130557915761
"157/stop3/_rustop3_4d.nii.gz","157","stop3",22,11,0.000440075503294008
"157/stop3/_rustop3_4d.nii.gz","157","stop3",23,1,2.09500501571449
"157/stop3/_rustop3_4d.nii.gz","157","stop3",23,2,0.0225299610624882
"157/stop3/_rustop3_4d.nii.gz","157","stop3",23,3,0.00758435439560784
"157/stop3/_rustop3_4d.nii.gz","157","stop3",23,4,0.00404623447421343
"157/stop3/_rustop3_4d.nii.gz","157","stop3",23,5,0.00228297878249114
"157/stop3/_rustop3_4d.nii.gz","157","stop3",23,6,0.0015510446008247
"157/stop3/_rustop3_4d.nii.gz","157","stop3",23,7,0.00116439972435756
"157/stop3/_rustop3_4d.nii.gz","157","stop3",23,8,0.000728395927715815
"157/stop3/_rustop3_4d.nii.gz","157","stop3",23,9,0.000546312212193754
"157/stop3/_rustop3_4d.nii.gz","157","stop3",23,10,0.000441938527144994
"157/stop3/_rustop3_4d.nii.gz","157","stop3",23,11,0.000416406914874644
"157/stop3/_rustop3_4d.nii.gz","157","stop3",24,1,2.08293677057906
"157/stop3/_rustop3_4d.nii.gz","157","stop3",24,2,0.0222688346889942
"157/stop3/_rustop3_4d.nii.gz","157","stop3",24,3,0.00759354317423968
"157/stop3/_rustop3_4d.nii.gz","157","stop3",24,4,0.00417111923215373
"157/stop3/_rustop3_4d.nii.gz","157","stop3",24,5,0.00213970616748822
"157/stop3/_rustop3_4d.nii.gz","157","stop3",24,6,0.00140741146097821
"157/stop3/_rustop3_4d.nii.gz","157","stop3",24,7,0.00114586493800728
"157/stop3/_rustop3_4d.nii.gz","157","stop3",24,8,0.000695334224882758
"157/stop3/_rustop3_4d.nii.gz","157","stop3",24,9,0.000591095822374467
"157/stop3/_rustop3_4d.nii.gz","157","stop3",24,10,0.000422093023858345
"157/stop3/_rustop3_4d.nii.gz","157","stop3",24,11,0.000411917029761849
"157/stop3/_rustop3_4d.nii.gz","157","stop3",25,1,2.0887822331138
"157/stop3/_rustop3_4d.nii.gz","157","stop3",25,2,0.0228413950698351
"157/stop3/_rustop3_4d.nii.gz","157","stop3",25,3,0.00785399708597416
"157/stop3/_rustop3_4d.nii.gz","157","stop3",25,4,0.00392896890757106
"157/stop3/_rustop3_4d.nii.gz","157","stop3",25,5,0.00212942121703671
"157/stop3/_rustop3_4d.nii.gz","157","stop3",25,6,0.00140944839167989
"157/stop3/_rustop3_4d.nii.gz","157","stop3",25,7,0.00116967083884867
"157/stop3/_rustop3_4d.nii.gz","157","stop3",25,8,0.000745777553318706
"157/stop3/_rustop3_4d.nii.gz","157","stop3",25,9,0.000596792700095183
"157/stop3/_rustop3_4d.nii.gz","157","stop3",25,10,0.000459148376028796
"157/stop3/_rustop3_4d.nii.gz","157","stop3",25,11,0.000484924554604329
"157/stop3/_rustop3_4d.nii.gz","157","stop3",26,1,2.08934959255699
"157/stop3/_rustop3_4d.nii.gz","157","stop3",26,2,0.0224886245496095
"157/stop3/_rustop3_4d.nii.gz","157","stop3",26,3,0.00794338547597802
"157/stop3/_rustop3_4d.nii.gz","157","stop3",26,4,0.0039903285182791
"157/stop3/_rustop3_4d.nii.gz","157","stop3",26,5,0.00198193771987864
"157/stop3/_rustop3_4d.nii.gz","157","stop3",26,6,0.00162742196046132
"157/stop3/_rustop3_4d.nii.gz","157","stop3",26,7,0.00115734774621867
"157/stop3/_rustop3_4d.nii.gz","157","stop3",26,8,0.00077988891173671
"157/stop3/_rustop3_4d.nii.gz","157","stop3",26,9,0.000597547225188053
"157/stop3/_rustop3_4d.nii.gz","157","stop3",26,10,0.000447713013794789
"157/stop3/_rustop3_4d.nii.gz","157","stop3",26,11,0.000458752753568232
"157/stop3/_rustop3_4d.nii.gz","157","stop3",27,1,2.08864213026377
"157/stop3/_rustop3_4d.nii.gz","157","stop3",27,2,0.0226944700906979
"157/stop3/_rustop3_4d.nii.gz","157","stop3",27,3,0.00795216024600966
"157/stop3/_rustop3_4d.nii.gz","157","stop3",27,4,0.0039654476055819
"157/stop3/_rustop3_4d.nii.gz","157","stop3",27,5,0.00204603668406033
"157/stop3/_rustop3_4d.nii.gz","157","stop3",27,6,0.00156599475924296
"157/stop3/_rustop3_4d.nii.gz","157","stop3",27,7,0.00113879889620855
"157/stop3/_rustop3_4d.nii.gz","157","stop3",27,8,0.000743259647342192
"157/stop3/_rustop3_4d.nii.gz","157","stop3",27,9,0.000575492111031986
"157/stop3/_rustop3_4d.nii.gz","157","stop3",27,10,0.000417081919512712
"157/stop3/_rustop3_4d.nii.gz","157","stop3",27,11,0.000425954813223413
"157/stop3/_rustop3_4d.nii.gz","157","stop3",28,1,2.09153184896423
"157/stop3/_rustop3_4d.nii.gz","157","stop3",28,2,0.0217741035841026
"157/stop3/_rustop3_4d.nii.gz","157","stop3",28,3,0.00821816570676274
"157/stop3/_rustop3_4d.nii.gz","157","stop3",28,4,0.00394529226688582
"157/stop3/_rustop3_4d.nii.gz","157","stop3",28,5,0.00198096047433015
"157/stop3/_rustop3_4d.nii.gz","157","stop3",28,6,0.00151951497264602
"157/stop3/_rustop3_4d.nii.gz","157","stop3",28,7,0.00125904259052893
"157/stop3/_rustop3_4d.nii.gz","157","stop3",28,8,0.000748291694467796
"157/stop3/_rustop3_4d.nii.gz","157","stop3",28,9,0.00057836023580853
"157/stop3/_rustop3_4d.nii.gz","157","stop3",28,10,0.000442410501214653
"157/stop3/_rustop3_4d.nii.gz","157","stop3",28,11,0.000469711276261959
"157/stop3/_rustop3_4d.nii.gz","157","stop3",29,1,2.09184858613002
"157/stop3/_rustop3_4d.nii.gz","157","stop3",29,2,0.0218900343252897
"157/stop3/_rustop3_4d.nii.gz","157","stop3",29,3,0.00827771100429845
"157/stop3/_rustop3_4d.nii.gz","157","stop3",29,4,0.00397661048125982
"157/stop3/_rustop3_4d.nii.gz","157","stop3",29,5,0.00195025439308439
"157/stop3/_rustop3_4d.nii.gz","157","stop3",29,6,0.0015094918967713
"157/stop3/_rustop3_4d.nii.gz","157","stop3",29,7,0.00116816429102324
"157/stop3/_rustop3_4d.nii.gz","157","stop3",29,8,0.000701650414205265
"157/stop3/_rustop3_4d.nii.gz","157","stop3",29,9,0.000583056615020885
"157/stop3/_rustop3_4d.nii.gz","157","stop3",29,10,0.000444487287170886
"157/stop3/_rustop3_4d.nii.gz","157","stop3",29,11,0.00045510634165235
"157/stop3/_rustop3_4d.nii.gz","157","stop3",30,1,2.07944817283005
"157/stop3/_rustop3_4d.nii.gz","157","stop3",30,2,0.0222310198448896
"157/stop3/_rustop3_4d.nii.gz","157","stop3",30,3,0.00831704661726353
"157/stop3/_rustop3_4d.nii.gz","157","stop3",30,4,0.00380249697739175
"157/stop3/_rustop3_4d.nii.gz","157","stop3",30,5,0.00199716107162758
"157/stop3/_rustop3_4d.nii.gz","157","stop3",30,6,0.00149249829663634
"157/stop3/_rustop3_4d.nii.gz","157","stop3",30,7,0.00120382616850955
"157/stop3/_rustop3_4d.nii.gz","157","stop3",30,8,0.000719955484548699
"157/stop3/_rustop3_4d.nii.gz","157","stop3",30,9,0.000617562688542944
"157/stop3/_rustop3_4d.nii.gz","157","stop3",30,10,0.000421561019786011
"157/stop3/_rustop3_4d.nii.gz","157","stop3",30,11,0.000369021673390934
"157/stop3/_rustop3_4d.nii.gz","157","stop3",31,1,2.07887526770458
"157/stop3/_rustop3_4d.nii.gz","157","stop3",31,2,0.0221023023806587
"157/stop3/_rustop3_4d.nii.gz","157","stop3",31,3,0.00792111443218644
"157/stop3/_rustop3_4d.nii.gz","157","stop3",31,4,0.00402578021023864
"157/stop3/_rustop3_4d.nii.gz","157","stop3",31,5,0.00223303583730426
"157/stop3/_rustop3_4d.nii.gz","157","stop3",31,6,0.00151136766705148
"157/stop3/_rustop3_4d.nii.gz","157","stop3",31,7,0.00113893336781583
"157/stop3/_rustop3_4d.nii.gz","157","stop3",31,8,0.000716716166868004
"157/stop3/_rustop3_4d.nii.gz","157","stop3",31,9,0.000616198755232163
"157/stop3/_rustop3_4d.nii.gz","157","stop3",31,10,0.000412746810487946
"157/stop3/_rustop3_4d.nii.gz","157","stop3",31,11,0.000391795533511792
"157/stop3/_rustop3_4d.nii.gz","157","stop3",32,1,2.09369171736597
"157/stop3/_rustop3_4d.nii.gz","157","stop3",32,2,0.0226029238447584
"157/stop3/_rustop3_4d.nii.gz","157","stop3",32,3,0.00759699497196032
"157/stop3/_rustop3_4d.nii.gz","157","stop3",32,4,0.00411747568603526
"157/stop3/_rustop3_4d.nii.gz","157","stop3",32,5,0.00230546511563214
"157/stop3/_rustop3_4d.nii.gz","157","stop3",32,6,0.00163745997921573
"157/stop3/_rustop3_4d.nii.gz","157","stop3",32,7,0.00116259601177608
"157/stop3/_rustop3_4d.nii.gz","157","stop3",32,8,0.000691552865252777
"157/stop3/_rustop3_4d.nii.gz","157","stop3",32,9,0.000573189956400464
"157/stop3/_rustop3_4d.nii.gz","157","stop3",32,10,0.000421236488535239
"157/stop3/_rustop3_4d.nii.gz","157","stop3",32,11,0.000428073145953756
"157/stop3/_rustop3_4d.nii.gz","157","stop3",33,1,2.08986756732137
"157/stop3/_rustop3_4d.nii.gz","157","stop3",33,2,0.022435780619443
"157/stop3/_rustop3_4d.nii.gz","157","stop3",33,3,0.00774630557247035
"157/stop3/_rustop3_4d.nii.gz","157","stop3",33,4,0.00410379821266281
"157/stop3/_rustop3_4d.nii.gz","157","stop3",33,5,0.00221806911136594
"157/stop3/_rustop3_4d.nii.gz","157","stop3",33,6,0.00147371936741327
"157/stop3/_rustop3_4d.nii.gz","157","stop3",33,7,0.00118888961990453
"157/stop3/_rustop3_4d.nii.gz","157","stop3",33,8,0.000743916136408603
"157/stop3/_rustop3_4d.nii.gz","157","stop3",33,9,0.000578092691818801
"157/stop3/_rustop3_4d.nii.gz","157","stop3",33,10,0.000428394039427734
"157/stop3/_rustop3_4d.nii.gz","157","stop3",33,11,0.000465239104754965
"157/stop3/_rustop3_4d.nii.gz","157","stop3",34,1,2.0985161707454
"157/stop3/_rustop3_4d.nii.gz","157","stop3",34,2,0.0221693591441283
"157/stop3/_rustop3_4d.nii.gz","157","stop3",34,3,0.00773276324957008
"157/stop3/_rustop3_4d.nii.gz","157","stop3",34,4,0.0041331463725864
"157/stop3/_rustop3_4d.nii.gz","157","stop3",34,5,0.00216841986372915
"157/stop3/_rustop3_4d.nii.gz","157","stop3",34,6,0.00149160134226063
"157/stop3/_rustop3_4d.nii.gz","157","stop3",34,7,0.00115252214724795
"157/stop3/_rustop3_4d.nii.gz","157","stop3",34,8,0.000790865698038394
"157/stop3/_rustop3_4d.nii.gz","157","stop3",34,9,0.000599400502832951
"157/stop3/_rustop3_4d.nii.gz","157","stop3",34,10,0.000452386010939772
"157/stop3/_rustop3_4d.nii.gz","157","stop3",34,11,0.000498793243260932
"157/stop3/_rustop3_4d.nii.gz","157","stop3",35,1,2.0968992779257
"157/stop3/_rustop3_4d.nii.gz","157","stop3",35,2,0.0222777664968411
"157/stop3/_rustop3_4d.nii.gz","157","stop3",35,3,0.0079963656214159
"157/stop3/_rustop3_4d.nii.gz","157","stop3",35,4,0.0039373070846499
"157/stop3/_rustop3_4d.nii.gz","157","stop3",35,5,0.00207521348591097
"157/stop3/_rustop3_4d.nii.gz","157","stop3",35,6,0.00147886039765515
"157/stop3/_rustop3_4d.nii.gz","157","stop3",35,7,0.00114757271366101
"157/stop3/_rustop3_4d.nii.gz","157","stop3",35,8,0.000776855898745601
"157/stop3/_rustop3_4d.nii.gz","157","stop3",35,9,0.000602947436890127
"157/stop3/_rustop3_4d.nii.gz","157","stop3",35,10,0.000438560499417681
"157/stop3/_rustop3_4d.nii.gz","157","stop3",35,11,0.00046981855217461
"157/stop3/_rustop3_4d.nii.gz","157","stop3",36,1,2.09050933650614
"157/stop3/_rustop3_4d.nii.gz","157","stop3",36,2,0.0226849622024798
"157/stop3/_rustop3_4d.nii.gz","157","stop3",36,3,0.00791369513448718
"157/stop3/_rustop3_4d.nii.gz","157","stop3",36,4,0.00401193709664348
"157/stop3/_rustop3_4d.nii.gz","157","stop3",36,5,0.00217767742731281
"157/stop3/_rustop3_4d.nii.gz","157","stop3",36,6,0.00146186531205019
"157/stop3/_rustop3_4d.nii.gz","157","stop3",36,7,0.00112921991552921
"157/stop3/_rustop3_4d.nii.gz","157","stop3",36,8,0.000758060589357105
"157/stop3/_rustop3_4d.nii.gz","157","stop3",36,9,0.000583483885381454
"157/stop3/_rustop3_4d.nii.gz","157","stop3",36,10,0.000439650119264527
"157/stop3/_rustop3_4d.nii.gz","157","stop3",36,11,0.000453483209958811
"157/stop3/_rustop3_4d.nii.gz","157","stop3",37,1,2.08833308794043
"157/stop3/_rustop3_4d.nii.gz","157","stop3",37,2,0.0224768649863271
"157/stop3/_rustop3_4d.nii.gz","157","stop3",37,3,0.00791644631407363
"157/stop3/_rustop3_4d.nii.gz","157","stop3",37,4,0.00399184614615408
"157/stop3/_rustop3_4d.nii.gz","157","stop3",37,5,0.00210287451919781
"157/stop3/_rustop3_4d.nii.gz","157","stop3",37,6,0.00150659819089766
"157/stop3/_rustop3_4d.nii.gz","157","stop3",37,7,0.00123625958507471
"157/stop3/_rustop3_4d.nii.gz","157","stop3",37,8,0.00076571162729707
"157/stop3/_rustop3_4d.nii.gz","157","stop3",37,9,0.000610140402963626
"157/stop3/_rustop3_4d.nii.gz","157","stop3",37,10,0.000452182368560595
"157/stop3/_rustop3_4d.nii.gz","157","stop3",37,11,0.000473552502864722
"157/stop3/_rustop3_4d.nii.gz","157","stop3",38,1,2.0820007180293
"157/stop3/_rustop3_4d.nii.gz","157","stop3",38,2,0.0225694793179069
"157/stop3/_rustop3_4d.nii.gz","157","stop3",38,3,0.00784039212491494
"157/stop3/_rustop3_4d.nii.gz","157","stop3",38,4,0.00399354398304262
"157/stop3/_rustop3_4d.nii.gz","157","stop3",38,5,0.00210937414671778
"157/stop3/_rustop3_4d.nii.gz","157","stop3",38,6,0.00151524891083625
"157/stop3/_rustop3_4d.nii.gz","157","stop3",38,7,0.00119635369521188
"157/stop3/_rustop3_4d.nii.gz","157","stop3",38,8,0.000801054791782805
"157/stop3/_rustop3_4d.nii.gz","157","stop3",38,9,0.000576740751158749
"157/stop3/_rustop3_4d.nii.gz","157","stop3",38,10,0.000429759370113842
"157/stop3/_rustop3_4d.nii.gz","157","stop3",38,11,0.000434701126537495
"157/stop3/_rustop3_4d.nii.gz","157","stop3",39,1,2.07672180629164
"157/stop3/_rustop3_4d.nii.gz","157","stop3",39,2,0.0218775676627202
"157/stop3/_rustop3_4d.nii.gz","157","stop3",39,3,0.00804480566321323
"157/stop3/_rustop3_4d.nii.gz","157","stop3",39,4,0.00399348675357873
"157/stop3/_rustop3_4d.nii.gz","157","stop3",39,5,0.00211324267033116
"157/stop3/_rustop3_4d.nii.gz","157","stop3",39,6,0.00154517817268016
"157/stop3/_rustop3_4d.nii.gz","157","stop3",39,7,0.0011875051800985
"157/stop3/_rustop3_4d.nii.gz","157","stop3",39,8,0.000747720532064283
"157/stop3/_rustop3_4d.nii.gz","157","stop3",39,9,0.00060280457747425
"157/stop3/_rustop3_4d.nii.gz","157","stop3",39,10,0.000434842742425901
"157/stop3/_rustop3_4d.nii.gz","157","stop3",39,11,0.000457365104801855
"157/stop3/_rustop3_4d.nii.gz","157","stop3",40,1,2.0873185882069
"157/stop3/_rustop3_4d.nii.gz","157","stop3",40,2,0.0224569694024132
"157/stop3/_rustop3_4d.nii.gz","157","stop3",40,3,0.00784422143131854
"157/stop3/_rustop3_4d.nii.gz","157","stop3",40,4,0.00412761407026587
"157/stop3/_rustop3_4d.nii.gz","157","stop3",40,5,0.00216906875363008
"157/stop3/_rustop3_4d.nii.gz","157","stop3",40,6,0.00157120529599431
"157/stop3/_rustop3_4d.nii.gz","157","stop3",40,7,0.00116848334167306
"157/stop3/_rustop3_4d.nii.gz","157","stop3",40,8,0.000763459999449992
"157/stop3/_rustop3_4d.nii.gz","157","stop3",40,9,0.000592766938510453
"157/stop3/_rustop3_4d.nii.gz","157","stop3",40,10,0.000425343419505736
"157/stop3/_rustop3_4d.nii.gz","157","stop3",40,11,0.000429249439121902
"157/stop3/_rustop3_4d.nii.gz","157","stop3",41,1,2.04958997487562
"157/stop3/_rustop3_4d.nii.gz","157","stop3",41,2,0.0220514197353005
"157/stop3/_rustop3_4d.nii.gz","157","stop3",41,3,0.00783802791533261
"157/stop3/_rustop3_4d.nii.gz","157","stop3",41,4,0.00377687617499938
"157/stop3/_rustop3_4d.nii.gz","157","stop3",41,5,0.0019855606369796
"157/stop3/_rustop3_4d.nii.gz","157","stop3",41,6,0.00150523356540194
"157/stop3/_rustop3_4d.nii.gz","157","stop3",41,7,0.00108756170054083
"157/stop3/_rustop3_4d.nii.gz","157","stop3",41,8,0.000783468380537469
"157/stop3/_rustop3_4d.nii.gz","157","stop3",41,9,0.000615822952083604
"157/stop3/_rustop3_4d.nii.gz","157","stop3",41,10,0.000600648082741284
"157/stop3/_rustop3_4d.nii.gz","157","stop3",41,11,0.000512069742974283
"157/stop3/_rustop3_4d.nii.gz","157","stop3",42,1,2.09570787024521
"157/stop3/_rustop3_4d.nii.gz","157","stop3",42,2,0.022431448927555
"157/stop3/_rustop3_4d.nii.gz","157","stop3",42,3,0.00784122879687737
"157/stop3/_rustop3_4d.nii.gz","157","stop3",42,4,0.00389160441836274
"157/stop3/_rustop3_4d.nii.gz","157","stop3",42,5,0.00231052624336976
"157/stop3/_rustop3_4d.nii.gz","157","stop3",42,6,0.00153611742455412
"157/stop3/_rustop3_4d.nii.gz","157","stop3",42,7,0.00108789199309741
"157/stop3/_rustop3_4d.nii.gz","157","stop3",42,8,0.000746247823801462
"157/stop3/_rustop3_4d.nii.gz","157","stop3",42,9,0.00056937953334167
"157/stop3/_rustop3_4d.nii.gz","157","stop3",42,10,0.00043229611203374
"157/stop3/_rustop3_4d.nii.gz","157","stop3",42,11,0.000414791618080541
"157/stop3/_rustop3_4d.nii.gz","157","stop3",43,1,2.09889251604885
"157/stop3/_rustop3_4d.nii.gz","157","stop3",43,2,0.0226850133560027
"157/stop3/_rustop3_4d.nii.gz","157","stop3",43,3,0.00783517216351936
"157/stop3/_rustop3_4d.nii.gz","157","stop3",43,4,0.00404233955210607
"157/stop3/_rustop3_4d.nii.gz","157","stop3",43,5,0.00222363793728303
"157/stop3/_rustop3_4d.nii.gz","157","stop3",43,6,0.00155596828997647
"157/stop3/_rustop3_4d.nii.gz","157","stop3",43,7,0.00113777410121609
"157/stop3/_rustop3_4d.nii.gz","157","stop3",43,8,0.000792461930773703
"157/stop3/_rustop3_4d.nii.gz","157","stop3",43,9,0.0005418103303462
"157/stop3/_rustop3_4d.nii.gz","157","stop3",43,10,0.000426580074552255
"157/stop3/_rustop3_4d.nii.gz","157","stop3",43,11,0.000488217055971191
"157/stop3/_rustop3_4d.nii.gz","157","stop3",44,1,2.07933958755695
"157/stop3/_rustop3_4d.nii.gz","157","stop3",44,2,0.0227028642216399
"157/stop3/_rustop3_4d.nii.gz","157","stop3",44,3,0.00763814210885961
"157/stop3/_rustop3_4d.nii.gz","157","stop3",44,4,0.00418438867027941
"157/stop3/_rustop3_4d.nii.gz","157","stop3",44,5,0.00218509005796318
"157/stop3/_rustop3_4d.nii.gz","157","stop3",44,6,0.00144851670362906
"157/stop3/_rustop3_4d.nii.gz","157","stop3",44,7,0.00115146742169616
"157/stop3/_rustop3_4d.nii.gz","157","stop3",44,8,0.000724427769529445
"157/stop3/_rustop3_4d.nii.gz","157","stop3",44,9,0.000564683442300804
"157/stop3/_rustop3_4d.nii.gz","157","stop3",44,10,0.000492122519705433
"157/stop3/_rustop3_4d.nii.gz","157","stop3",44,11,0.00051319221145806
"157/stop3/_rustop3_4d.nii.gz","157","stop3",45,1,2.08937807641496
"157/stop3/_rustop3_4d.nii.gz","157","stop3",45,2,0.0226024302046842
"157/stop3/_rustop3_4d.nii.gz","157","stop3",45,3,0.00776814359878283
"157/stop3/_rustop3_4d.nii.gz","157","stop3",45,4,0.00415509459152214
"157/stop3/_rustop3_4d.nii.gz","157","stop3",45,5,0.00225738777993687
"157/stop3/_rustop3_4d.nii.gz","157","stop3",45,6,0.0014076356201448
"157/stop3/_rustop3_4d.nii.gz","157","stop3",45,7,0.00110032392043793
"157/stop3/_rustop3_4d.nii.gz","157","stop3",45,8,0.000784337707686841
"157/stop3/_rustop3_4d.nii.gz","157","stop3",45,9,0.000600157206541895
"157/stop3/_rustop3_4d.nii.gz","157","stop3",45,10,0.000505973913394622
"157/stop3/_rustop3_4d.nii.gz","157","stop3",45,11,0.000470844492371034
"157/stop3/_rustop3_4d.nii.gz","157","stop3",46,1,2.09058262600532
"157/stop3/_rustop3_4d.nii.gz","157","stop3",46,2,0.0227482207988521
"157/stop3/_rustop3_4d.nii.gz","157","stop3",46,3,0.00772026275615105
"157/stop3/_rustop3_4d.nii.gz","157","stop3",46,4,0.0041852280002366
"157/stop3/_rustop3_4d.nii.gz","157","stop3",46,5,0.00220914180537839
"157/stop3/_rustop3_4d.nii.gz","157","stop3",46,6,0.00142695966228537
"157/stop3/_rustop3_4d.nii.gz","157","stop3",46,7,0.00118175901512743
"157/stop3/_rustop3_4d.nii.gz","157","stop3",46,8,0.000746830285806672
"157/stop3/_rustop3_4d.nii.gz","157","stop3",46,9,0.000567554844056572
"157/stop3/_rustop3_4d.nii.gz","157","stop3",46,10,0.00043053726276331
"157/stop3/_rustop3_4d.nii.gz","157","stop3",46,11,0.000446157274641714
"157/stop3/_rustop3_4d.nii.gz","157","stop3",47,1,2.10119043497154
"157/stop3/_rustop3_4d.nii.gz","157","stop3",47,2,0.022572371989317
"157/stop3/_rustop3_4d.nii.gz","157","stop3",47,3,0.00789743908959601
"157/stop3/_rustop3_4d.nii.gz","157","stop3",47,4,0.00419175329538211
"157/stop3/_rustop3_4d.nii.gz","157","stop3",47,5,0.00205612273510441
"157/stop3/_rustop3_4d.nii.gz","157","stop3",47,6,0.00150211156523033
"157/stop3/_rustop3_4d.nii.gz","157","stop3",47,7,0.00113984173870462
"157/stop3/_rustop3_4d.nii.gz","157","stop3",47,8,0.000712647215720844
"157/stop3/_rustop3_4d.nii.gz","157","stop3",47,9,0.000613926559367336
"157/stop3/_rustop3_4d.nii.gz","157","stop3",47,10,0.000441510520437426
"157/stop3/_rustop3_4d.nii.gz","157","stop3",47,11,0.000461680833029222
"157/stop3/_rustop3_4d.nii.gz","157","stop3",48,1,2.08841797599812
"157/stop3/_rustop3_4d.nii.gz","157","stop3",48,2,0.022835290786248
"157/stop3/_rustop3_4d.nii.gz","157","stop3",48,3,0.00815279994326959
"157/stop3/_rustop3_4d.nii.gz","157","stop3",48,4,0.00396989067489761
"157/stop3/_rustop3_4d.nii.gz","157","stop3",48,5,0.00212075242741598
"157/stop3/_rustop3_4d.nii.gz","157","stop3",48,6,0.00154787974102373
"157/stop3/_rustop3_4d.nii.gz","157","stop3",48,7,0.00125981438585679
"157/stop3/_rustop3_4d.nii.gz","157","stop3",48,8,0.000773246484075536
"157/stop3/_rustop3_4d.nii.gz","157","stop3",48,9,0.000660143355910035
"157/stop3/_rustop3_4d.nii.gz","157","stop3",48,10,0.000506262123748936
"157/stop3/_rustop3_4d.nii.gz","157","stop3",48,11,0.000542178083075495
"157/stop3/_rustop3_4d.nii.gz","157","stop3",49,1,2.08115418285763
"157/stop3/_rustop3_4d.nii.gz","157","stop3",49,2,0.0225465987440617
"157/stop3/_rustop3_4d.nii.gz","157","stop3",49,3,0.0075469002082109
"157/stop3/_rustop3_4d.nii.gz","157","stop3",49,4,0.00412705837714498
"157/stop3/_rustop3_4d.nii.gz","157","stop3",49,5,0.0020348005778534
"157/stop3/_rustop3_4d.nii.gz","157","stop3",49,6,0.00145708209467371
"157/stop3/_rustop3_4d.nii.gz","157","stop3",49,7,0.00120284114945605
"157/stop3/_rustop3_4d.nii.gz","157","stop3",49,8,0.000788562591090769
"157/stop3/_rustop3_4d.nii.gz","157","stop3",49,9,0.00058209087373563
"157/stop3/_rustop3_4d.nii.gz","157","stop3",49,10,0.000466587560526189
"157/stop3/_rustop3_4d.nii.gz","157","stop3",49,11,0.000470597277494521
"157/stop3/_rustop3_4d.nii.gz","157","stop3",50,1,2.0827254696646
"157/stop3/_rustop3_4d.nii.gz","157","stop3",50,2,0.0226415349790493
"157/stop3/_rustop3_4d.nii.gz","157","stop3",50,3,0.00796319684970421
"157/stop3/_rustop3_4d.nii.gz","157","stop3",50,4,0.00402121651086354
"157/stop3/_rustop3_4d.nii.gz","157","stop3",50,5,0.00217774985688941
"157/stop3/_rustop3_4d.nii.gz","157","stop3",50,6,0.00156776125456043
"157/stop3/_rustop3_4d.nii.gz","157","stop3",50,7,0.00120572047154243
"157/stop3/_rustop3_4d.nii.gz","157","stop3",50,8,0.000723103189650011
"157/stop3/_rustop3_4d.nii.gz","157","stop3",50,9,0.000552791379219167
"157/stop3/_rustop3_4d.nii.gz","157","stop3",50,10,0.000425099337085641
"157/stop3/_rustop3_4d.nii.gz","157","stop3",50,11,0.000433319486709058
"157/stop3/_rustop3_4d.nii.gz","157","stop3",51,1,2.08337331370907
"157/stop3/_rustop3_4d.nii.gz","157","stop3",51,2,0.0222594355846692
"157/stop3/_rustop3_4d.nii.gz","157","stop3",51,3,0.00794937959612687
"157/stop3/_rustop3_4d.nii.gz","157","stop3",51,4,0.0040224985481011
"157/stop3/_rustop3_4d.nii.gz","157","stop3",51,5,0.00211335166813521
"157/stop3/_rustop3_4d.nii.gz","157","stop3",51,6,0.00164359640321713
"157/stop3/_rustop3_4d.nii.gz","157","stop3",51,7,0.00117466341360344
"157/stop3/_rustop3_4d.nii.gz","157","stop3",51,8,0.000801232033907327
"157/stop3/_rustop3_4d.nii.gz","157","stop3",51,9,0.00067860045313894
"157/stop3/_rustop3_4d.nii.gz","157","stop3",51,10,0.000500686560558993
"157/stop3/_rustop3_4d.nii.gz","157","stop3",51,11,0.000541244255028561
"157/stop3/_rustop3_4d.nii.gz","157","stop3",52,1,2.08750852453658
"157/stop3/_rustop3_4d.nii.gz","157","stop3",52,2,0.0221628612013505
"157/stop3/_rustop3_4d.nii.gz","157","stop3",52,3,0.00825887132293775
"157/stop3/_rustop3_4d.nii.gz","157","stop3",52,4,0.00391399663921186
"157/stop3/_rustop3_4d.nii.gz","157","stop3",52,5,0.001998458462623
"157/stop3/_rustop3_4d.nii.gz","157","stop3",52,6,0.00154590553044691
"157/stop3/_rustop3_4d.nii.gz","157","stop3",52,7,0.00116538307829696
"157/stop3/_rustop3_4d.nii.gz","157","stop3",52,8,0.000758131854435165
"157/stop3/_rustop3_4d.nii.gz","157","stop3",52,9,0.000583231082805347
"157/stop3/_rustop3_4d.nii.gz","157","stop3",52,10,0.000443565693562407
"157/stop3/_rustop3_4d.nii.gz","157","stop3",52,11,0.000435797930352303
"157/stop3/_rustop3_4d.nii.gz","157","stop3",53,1,2.08084682667202
"157/stop3/_rustop3_4d.nii.gz","157","stop3",53,2,0.0222322827953754
"157/stop3/_rustop3_4d.nii.gz","157","stop3",53,3,0.00850268054096939
"157/stop3/_rustop3_4d.nii.gz","157","stop3",53,4,0.00389118692237344
"157/stop3/_rustop3_4d.nii.gz","157","stop3",53,5,0.00203324199083242
"157/stop3/_rustop3_4d.nii.gz","157","stop3",53,6,0.0014967510014926
"157/stop3/_rustop3_4d.nii.gz","157","stop3",53,7,0.00118262659915197
"157/stop3/_rustop3_4d.nii.gz","157","stop3",53,8,0.000736276358695557
"157/stop3/_rustop3_4d.nii.gz","157","stop3",53,9,0.000643490912777498
"157/stop3/_rustop3_4d.nii.gz","157","stop3",53,10,0.000482455949101201
"157/stop3/_rustop3_4d.nii.gz","157","stop3",53,11,0.000476035779367579
"157/stop3/_rustop3_4d.nii.gz","157","stop3",54,1,2.07402202967546
"157/stop3/_rustop3_4d.nii.gz","157","stop3",54,2,0.0221839614966031
"157/stop3/_rustop3_4d.nii.gz","157","stop3",54,3,0.0080963125886267
"157/stop3/_rustop3_4d.nii.gz","157","stop3",54,4,0.00409730084751409
"157/stop3/_rustop3_4d.nii.gz","157","stop3",54,5,0.0020929087627875
"157/stop3/_rustop3_4d.nii.gz","157","stop3",54,6,0.00149279346069471
"157/stop3/_rustop3_4d.nii.gz","157","stop3",54,7,0.00114200067484972
"157/stop3/_rustop3_4d.nii.gz","157","stop3",54,8,0.000761946927070757
"157/stop3/_rustop3_4d.nii.gz","157","stop3",54,9,0.000640151362862473
"157/stop3/_rustop3_4d.nii.gz","157","stop3",54,10,0.000447201877849772
"157/stop3/_rustop3_4d.nii.gz","157","stop3",54,11,0.000455382610673813
"157/stop3/_rustop3_4d.nii.gz","157","stop3",55,1,2.07901441392034
"157/stop3/_rustop3_4d.nii.gz","157","stop3",55,2,0.022348092302812
"157/stop3/_rustop3_4d.nii.gz","157","stop3",55,3,0.00779584608450147
"157/stop3/_rustop3_4d.nii.gz","157","stop3",55,4,0.00409916032987238
"157/stop3/_rustop3_4d.nii.gz","157","stop3",55,5,0.00235654026016319
"157/stop3/_rustop3_4d.nii.gz","157","stop3",55,6,0.00148320577401062
"157/stop3/_rustop3_4d.nii.gz","157","stop3",55,7,0.00120196853803077
"157/stop3/_rustop3_4d.nii.gz","157","stop3",55,8,0.000712560312835864
"157/stop3/_rustop3_4d.nii.gz","157","stop3",55,9,0.000636055187113754
"157/stop3/_rustop3_4d.nii.gz","157","stop3",55,10,0.000475053657641859
"157/stop3/_rustop3_4d.nii.gz","157","stop3",55,11,0.000435868369067684
"157/stop3/_rustop3_4d.nii.gz","157","stop3",56,1,2.08572209211298
"157/stop3/_rustop3_4d.nii.gz","157","stop3",56,2,0.0226874952710183
"157/stop3/_rustop3_4d.nii.gz","157","stop3",56,3,0.00758077991000946
"157/stop3/_rustop3_4d.nii.gz","157","stop3",56,4,0.00404977931123129
"157/stop3/_rustop3_4d.nii.gz","157","stop3",56,5,0.00219506319548812
"157/stop3/_rustop3_4d.nii.gz","157","stop3",56,6,0.00141302234644093
"157/stop3/_rustop3_4d.nii.gz","157","stop3",56,7,0.00110351238544415
"157/stop3/_rustop3_4d.nii.gz","157","stop3",56,8,0.000793455781959828
"157/stop3/_rustop3_4d.nii.gz","157","stop3",56,9,0.000571311247254758
"157/stop3/_rustop3_4d.nii.gz","157","stop3",56,10,0.000478461774590665
"157/stop3/_rustop3_4d.nii.gz","157","stop3",56,11,0.000492619206833406
"157/stop3/_rustop3_4d.nii.gz","157","stop3",57,1,2.08963526925729
"157/stop3/_rustop3_4d.nii.gz","157","stop3",57,2,0.0225806871262845
"157/stop3/_rustop3_4d.nii.gz","157","stop3",57,3,0.00762437947447464
"157/stop3/_rustop3_4d.nii.gz","157","stop3",57,4,0.0038985989334213
"157/stop3/_rustop3_4d.nii.gz","157","stop3",57,5,0.00217666479737098
"157/stop3/_rustop3_4d.nii.gz","157","stop3",57,6,0.00149459777848689
"157/stop3/_rustop3_4d.nii.gz","157","stop3",57,7,0.00117500564735972
"157/stop3/_rustop3_4d.nii.gz","157","stop3",57,8,0.000770728406826975
"157/stop3/_rustop3_4d.nii.gz","157","stop3",57,9,0.000582025386703346
"157/stop3/_rustop3_4d.nii.gz","157","stop3",57,10,0.000473132747914501
"157/stop3/_rustop3_4d.nii.gz","157","stop3",57,11,0.000444883392895065
"157/stop3/_rustop3_4d.nii.gz","157","stop3",58,1,2.08175491757253
"157/stop3/_rustop3_4d.nii.gz","157","stop3",58,2,0.0225388219654103
"157/stop3/_rustop3_4d.nii.gz","157","stop3",58,3,0.00788567691099717
"157/stop3/_rustop3_4d.nii.gz","157","stop3",58,4,0.00397048886817255
"157/stop3/_rustop3_4d.nii.gz","157","stop3",58,5,0.00210216190389627
"157/stop3/_rustop3_4d.nii.gz","157","stop3",58,6,0.00158659449698891
"157/stop3/_rustop3_4d.nii.gz","157","stop3",58,7,0.00109442087422577
"157/stop3/_rustop3_4d.nii.gz","157","stop3",58,8,0.000758723269389799
"157/stop3/_rustop3_4d.nii.gz","157","stop3",58,9,0.000602319484967246
"157/stop3/_rustop3_4d.nii.gz","157","stop3",58,10,0.000450714429117879
"157/stop3/_rustop3_4d.nii.gz","157","stop3",58,11,0.000447707626015174
"157/stop3/_rustop3_4d.nii.gz","157","stop3",59,1,2.09482570440434
"157/stop3/_rustop3_4d.nii.gz","157","stop3",59,2,0.0221739353936537
"157/stop3/_rustop3_4d.nii.gz","157","stop3",59,3,0.00816061960970158
"157/stop3/_rustop3_4d.nii.gz","157","stop3",59,4,0.0039836714533642
"157/stop3/_rustop3_4d.nii.gz","157","stop3",59,5,0.00202616904088845
"157/stop3/_rustop3_4d.nii.gz","157","stop3",59,6,0.00146457721554236
"157/stop3/_rustop3_4d.nii.gz","157","stop3",59,7,0.00117853187851213
"157/stop3/_rustop3_4d.nii.gz","157","stop3",59,8,0.000781304164654334
"157/stop3/_rustop3_4d.nii.gz","157","stop3",59,9,0.000618680337908686
"157/stop3/_rustop3_4d.nii.gz","157","stop3",59,10,0.000466495764970747
"157/stop3/_rustop3_4d.nii.gz","157","stop3",59,11,0.000511788837900099
"157/stop3/_rustop3_4d.nii.gz","157","stop3",60,1,2.09054809317946
"157/stop3/_rustop3_4d.nii.gz","157","stop3",60,2,0.0226457671585255
"157/stop3/_rustop3_4d.nii.gz","157","stop3",60,3,0.00821702891644964
"157/stop3/_rustop3_4d.nii.gz","157","stop3",60,4,0.0039500087150602
"157/stop3/_rustop3_4d.nii.gz","157","stop3",60,5,0.00198232209932186
"157/stop3/_rustop3_4d.nii.gz","157","stop3",60,6,0.00148236881145762
"157/stop3/_rustop3_4d.nii.gz","157","stop3",60,7,0.00112525380416318
"157/stop3/_rustop3_4d.nii.gz","157","stop3",60,8,0.000735890510216794
"157/stop3/_rustop3_4d.nii.gz","157","stop3",60,9,0.000620161883955641
"157/stop3/_rustop3_4d.nii.gz","157","stop3",60,10,0.000483469204214241
"157/stop3/_rustop3_4d.nii.gz","157","stop3",60,11,0.000543128354574215
"157/stop3/_rustop3_4d.nii.gz","157","stop3",61,1,2.08361811997796
"157/stop3/_rustop3_4d.nii.gz","157","stop3",61,2,0.022288718629313
"157/stop3/_rustop3_4d.nii.gz","157","stop3",61,3,0.00832053979496767
"157/stop3/_rustop3_4d.nii.gz","157","stop3",61,4,0.00392584340254762
"157/stop3/_rustop3_4d.nii.gz","157","stop3",61,5,0.00193261798850282
"157/stop3/_rustop3_4d.nii.gz","157","stop3",61,6,0.0015182147869775
"157/stop3/_rustop3_4d.nii.gz","157","stop3",61,7,0.0011636290281112
"157/stop3/_rustop3_4d.nii.gz","157","stop3",61,8,0.000752823831342949
"157/stop3/_rustop3_4d.nii.gz","157","stop3",61,9,0.000576435813950047
"157/stop3/_rustop3_4d.nii.gz","157","stop3",61,10,0.000492812738697579
"157/stop3/_rustop3_4d.nii.gz","157","stop3",61,11,0.000419254571251862
"157/stop3/_rustop3_4d.nii.gz","157","stop3",62,1,2.0762038665875
"157/stop3/_rustop3_4d.nii.gz","157","stop3",62,2,0.0221970097460781
"157/stop3/_rustop3_4d.nii.gz","157","stop3",62,3,0.00831614484621279
"157/stop3/_rustop3_4d.nii.gz","157","stop3",62,4,0.00414537383384358
"157/stop3/_rustop3_4d.nii.gz","157","stop3",62,5,0.00199369453025608
"157/stop3/_rustop3_4d.nii.gz","157","stop3",62,6,0.00142104590525221
"157/stop3/_rustop3_4d.nii.gz","157","stop3",62,7,0.00114473805036449
"157/stop3/_rustop3_4d.nii.gz","157","stop3",62,8,0.000757034120036134
"157/stop3/_rustop3_4d.nii.gz","157","stop3",62,9,0.000610250464307609
"157/stop3/_rustop3_4d.nii.gz","157","stop3",62,10,0.000474263018665809
"157/stop3/_rustop3_4d.nii.gz","157","stop3",62,11,0.000525676590226589
"157/stop3/_rustop3_4d.nii.gz","157","stop3",63,1,2.07855157054022
"157/stop3/_rustop3_4d.nii.gz","157","stop3",63,2,0.0221914765513971
"157/stop3/_rustop3_4d.nii.gz","157","stop3",63,3,0.00787568216931226
"157/stop3/_rustop3_4d.nii.gz","157","stop3",63,4,0.00406985937232639
"157/stop3/_rustop3_4d.nii.gz","157","stop3",63,5,0.00237716733674454
"157/stop3/_rustop3_4d.nii.gz","157","stop3",63,6,0.00150993840741674
"157/stop3/_rustop3_4d.nii.gz","157","stop3",63,7,0.00118643139810709
"157/stop3/_rustop3_4d.nii.gz","157","stop3",63,8,0.000724523174077874
"157/stop3/_rustop3_4d.nii.gz","157","stop3",63,9,0.000648277761488023
"157/stop3/_rustop3_4d.nii.gz","157","stop3",63,10,0.00046518977415479
"157/stop3/_rustop3_4d.nii.gz","157","stop3",63,11,0.000481032821296901
"157/stop3/_rustop3_4d.nii.gz","157","stop3",64,1,2.08178233850068
"157/stop3/_rustop3_4d.nii.gz","157","stop3",64,2,0.0224556606725503
"157/stop3/_rustop3_4d.nii.gz","157","stop3",64,3,0.00760230271471546
"157/stop3/_rustop3_4d.nii.gz","157","stop3",64,4,0.0043329568395223
"157/stop3/_rustop3_4d.nii.gz","157","stop3",64,5,0.00234237290210879
"157/stop3/_rustop3_4d.nii.gz","157","stop3",64,6,0.00161334779863187
"157/stop3/_rustop3_4d.nii.gz","157","stop3",64,7,0.00121267280384014
"157/stop3/_rustop3_4d.nii.gz","157","stop3",64,8,0.000758472404875842
"157/stop3/_rustop3_4d.nii.gz","157","stop3",64,9,0.00058738459988514
"157/stop3/_rustop3_4d.nii.gz","157","stop3",64,10,0.0004827020132971
"157/stop3/_rustop3_4d.nii.gz","157","stop3",64,11,0.000466664781861507
"157/stop3/_rustop3_4d.nii.gz","157","stop3",65,1,2.07656126228257
"157/stop3/_rustop3_4d.nii.gz","157","stop3",65,2,0.0226065175615586
"157/stop3/_rustop3_4d.nii.gz","157","stop3",65,3,0.00779302656479014
"157/stop3/_rustop3_4d.nii.gz","157","stop3",65,4,0.00413368946471072
"157/stop3/_rustop3_4d.nii.gz","157","stop3",65,5,0.00226023223133029
"157/stop3/_rustop3_4d.nii.gz","157","stop3",65,6,0.00149822814552043
"157/stop3/_rustop3_4d.nii.gz","157","stop3",65,7,0.00113946872696157
"157/stop3/_rustop3_4d.nii.gz","157","stop3",65,8,0.000764494200665773
"157/stop3/_rustop3_4d.nii.gz","157","stop3",65,9,0.000577745426053202
"157/stop3/_rustop3_4d.nii.gz","157","stop3",65,10,0.000521850426754715
"157/stop3/_rustop3_4d.nii.gz","157","stop3",65,11,0.000467709186902512
"157/stop3/_rustop3_4d.nii.gz","157","stop3",66,1,2.09179513070799
"157/stop3/_rustop3_4d.nii.gz","157","stop3",66,2,0.0224822284327581
"157/stop3/_rustop3_4d.nii.gz","157","stop3",66,3,0.00789911072299887
"157/stop3/_rustop3_4d.nii.gz","157","stop3",66,4,0.00411222934068124
"157/stop3/_rustop3_4d.nii.gz","157","stop3",66,5,0.0021955537531029
"157/stop3/_rustop3_4d.nii.gz","157","stop3",66,6,0.00161885869452376
"157/stop3/_rustop3_4d.nii.gz","157","stop3",66,7,0.00117979346525092
"157/stop3/_rustop3_4d.nii.gz","157","stop3",66,8,0.000775799378743573
"157/stop3/_rustop3_4d.nii.gz","157","stop3",66,9,0.000609442465084521
"157/stop3/_rustop3_4d.nii.gz","157","stop3",66,10,0.000509970107442612
"157/stop3/_rustop3_4d.nii.gz","157","stop3",66,11,0.000482453452838232
"157/stop3/_rustop3_4d.nii.gz","157","stop3",67,1,2.0915830362907
"157/stop3/_rustop3_4d.nii.gz","157","stop3",67,2,0.0223137813718406
"157/stop3/_rustop3_4d.nii.gz","157","stop3",67,3,0.00810559657207846
"157/stop3/_rustop3_4d.nii.gz","157","stop3",67,4,0.00409577334129736
"157/stop3/_rustop3_4d.nii.gz","157","stop3",67,5,0.00210161447021291
"157/stop3/_rustop3_4d.nii.gz","157","stop3",67,6,0.00158832410004774
"157/stop3/_rustop3_4d.nii.gz","157","stop3",67,7,0.00116117248809841
"157/stop3/_rustop3_4d.nii.gz","157","stop3",67,8,0.000734774111379227
"157/stop3/_rustop3_4d.nii.gz","157","stop3",67,9,0.000609125465665637
"157/stop3/_rustop3_4d.nii.gz","157","stop3",67,10,0.000486262208411008
"157/stop3/_rustop3_4d.nii.gz","157","stop3",67,11,0.000490926681162491
"157/stop3/_rustop3_4d.nii.gz","157","stop3",68,1,2.09604343490577
"157/stop3/_rustop3_4d.nii.gz","157","stop3",68,2,0.0221691703489762
"157/stop3/_rustop3_4d.nii.gz","157","stop3",68,3,0.00801008994173684
"157/stop3/_rustop3_4d.nii.gz","157","stop3",68,4,0.00406647912887491
"157/stop3/_rustop3_4d.nii.gz","157","stop3",68,5,0.0019902103626704
"157/stop3/_rustop3_4d.nii.gz","157","stop3",68,6,0.00163573946337021
"157/stop3/_rustop3_4d.nii.gz","157","stop3",68,7,0.00108860956013751
"157/stop3/_rustop3_4d.nii.gz","157","stop3",68,8,0.00071405066667802
"157/stop3/_rustop3_4d.nii.gz","157","stop3",68,9,0.000601099019390887
"157/stop3/_rustop3_4d.nii.gz","157","stop3",68,10,0.000490481821778751
"157/stop3/_rustop3_4d.nii.gz","157","stop3",68,11,0.000465484118557859
"157/stop3/_rustop3_4d.nii.gz","157","stop3",69,1,2.08766552386859
"157/stop3/_rustop3_4d.nii.gz","157","stop3",69,2,0.0218503766867168
"157/stop3/_rustop3_4d.nii.gz","157","stop3",69,3,0.00831684198046786
"157/stop3/_rustop3_4d.nii.gz","157","stop3",69,4,0.00403347395452012
"157/stop3/_rustop3_4d.nii.gz","157","stop3",69,5,0.00191073760267176
"157/stop3/_rustop3_4d.nii.gz","157","stop3",69,6,0.00156356666307011
"157/stop3/_rustop3_4d.nii.gz","157","stop3",69,7,0.00117090660257861
"157/stop3/_rustop3_4d.nii.gz","157","stop3",69,8,0.000739782966600725
"157/stop3/_rustop3_4d.nii.gz","157","stop3",69,9,0.000611465424872652
"157/stop3/_rustop3_4d.nii.gz","157","stop3",69,10,0.000481431928054592
"157/stop3/_rustop3_4d.nii.gz","157","stop3",69,11,0.000465702054353939
"157/stop3/_rustop3_4d.nii.gz","157","stop3",70,1,2.09283016652487
"157/stop3/_rustop3_4d.nii.gz","157","stop3",70,2,0.0222588996219858
"157/stop3/_rustop3_4d.nii.gz","157","stop3",70,3,0.00802540434906299
"157/stop3/_rustop3_4d.nii.gz","157","stop3",70,4,0.0041506547854511
"157/stop3/_rustop3_4d.nii.gz","157","stop3",70,5,0.00229170129333645
"157/stop3/_rustop3_4d.nii.gz","157","stop3",70,6,0.00150273156381489
"157/stop3/_rustop3_4d.nii.gz","157","stop3",70,7,0.00119759257968123
"157/stop3/_rustop3_4d.nii.gz","157","stop3",70,8,0.00073944103366249
"157/stop3/_rustop3_4d.nii.gz","157","stop3",70,9,0.000592447443794547
"157/stop3/_rustop3_4d.nii.gz","157","stop3",70,10,0.000455626734331077
"157/stop3/_rustop3_4d.nii.gz","157","stop3",70,11,0.000437441115257338
"157/stop3/_rustop3_4d.nii.gz","157","stop3",71,1,2.08836336959245
"157/stop3/_rustop3_4d.nii.gz","157","stop3",71,2,0.0225756310394546
"157/stop3/_rustop3_4d.nii.gz","157","stop3",71,3,0.00756189001077519
"157/stop3/_rustop3_4d.nii.gz","157","stop3",71,4,0.00424522523479096
"157/stop3/_rustop3_4d.nii.gz","157","stop3",71,5,0.00230107148797959
"157/stop3/_rustop3_4d.nii.gz","157","stop3",71,6,0.00153544793266185
"157/stop3/_rustop3_4d.nii.gz","157","stop3",71,7,0.00117264812708603
"157/stop3/_rustop3_4d.nii.gz","157","stop3",71,8,0.000792160418560497
"157/stop3/_rustop3_4d.nii.gz","157","stop3",71,9,0.00060074108189331
"157/stop3/_rustop3_4d.nii.gz","157","stop3",71,10,0.000509990832513458
"157/stop3/_rustop3_4d.nii.gz","157","stop3",71,11,0.000531487986220427
"157/stop3/_rustop3_4d.nii.gz","157","stop3",72,1,2.09171840109599
"157/stop3/_rustop3_4d.nii.gz","157","stop3",72,2,0.0221907314997126
"157/stop3/_rustop3_4d.nii.gz","157","stop3",72,3,0.00775966561285356
"157/stop3/_rustop3_4d.nii.gz","157","stop3",72,4,0.00420916313031509
"157/stop3/_rustop3_4d.nii.gz","157","stop3",72,5,0.00227483752660858
"157/stop3/_rustop3_4d.nii.gz","157","stop3",72,6,0.00145414603011303
"157/stop3/_rustop3_4d.nii.gz","157","stop3",72,7,0.00121437375157736
"157/stop3/_rustop3_4d.nii.gz","157","stop3",72,8,0.000816054266703931
"157/stop3/_rustop3_4d.nii.gz","157","stop3",72,9,0.000569265991610437
"157/stop3/_rustop3_4d.nii.gz","157","stop3",72,10,0.00047492847147994
"157/stop3/_rustop3_4d.nii.gz","157","stop3",72,11,0.000467351803162197
"157/stop3/_rustop3_4d.nii.gz","157","stop3",73,1,2.09836828156516
"157/stop3/_rustop3_4d.nii.gz","157","stop3",73,2,0.0224347247306218
"157/stop3/_rustop3_4d.nii.gz","157","stop3",73,3,0.00793322624403033
"157/stop3/_rustop3_4d.nii.gz","157","stop3",73,4,0.00404106670467165
"157/stop3/_rustop3_4d.nii.gz","157","stop3",73,5,0.00210803428392471
"157/stop3/_rustop3_4d.nii.gz","157","stop3",73,6,0.001634832186218
"157/stop3/_rustop3_4d.nii.gz","157","stop3",73,7,0.00106417807693774
"157/stop3/_rustop3_4d.nii.gz","157","stop3",73,8,0.000759316002126149
"157/stop3/_rustop3_4d.nii.gz","157","stop3",73,9,0.000587145124117386
"157/stop3/_rustop3_4d.nii.gz","157","stop3",73,10,0.000460216894534888
"157/stop3/_rustop3_4d.nii.gz","157","stop3",73,11,0.000524731540179273
"157/stop3/_rustop3_4d.nii.gz","157","stop3",74,1,2.09782637849611
"157/stop3/_rustop3_4d.nii.gz","157","stop3",74,2,0.0221913025910981
"157/stop3/_rustop3_4d.nii.gz","157","stop3",74,3,0.00800860996356606
"157/stop3/_rustop3_4d.nii.gz","157","stop3",74,4,0.00404693735169919
"157/stop3/_rustop3_4d.nii.gz","157","stop3",74,5,0.00201977311149117
"157/stop3/_rustop3_4d.nii.gz","157","stop3",74,6,0.00151365773157625
"157/stop3/_rustop3_4d.nii.gz","157","stop3",74,7,0.00113189108741839
"157/stop3/_rustop3_4d.nii.gz","157","stop3",74,8,0.000778343454325545
"157/stop3/_rustop3_4d.nii.gz","157","stop3",74,9,0.000618137534538408
"157/stop3/_rustop3_4d.nii.gz","157","stop3",74,10,0.000467254068288178
"157/stop3/_rustop3_4d.nii.gz","157","stop3",74,11,0.000501211503053281
"157/stop3/_rustop3_4d.nii.gz","157","stop3",75,1,2.09372015929215
"157/stop3/_rustop3_4d.nii.gz","157","stop3",75,2,0.0218598387655312
"157/stop3/_rustop3_4d.nii.gz","157","stop3",75,3,0.00833790074543205
"157/stop3/_rustop3_4d.nii.gz","157","stop3",75,4,0.0040387246814458
"157/stop3/_rustop3_4d.nii.gz","157","stop3",75,5,0.00207767154135704
"157/stop3/_rustop3_4d.nii.gz","157","stop3",75,6,0.00152064088935384
"157/stop3/_rustop3_4d.nii.gz","157","stop3",75,7,0.00116007629261418
"157/stop3/_rustop3_4d.nii.gz","157","stop3",75,8,0.000731260673020651
"157/stop3/_rustop3_4d.nii.gz","157","stop3",75,9,0.000615513481393141
"157/stop3/_rustop3_4d.nii.gz","157","stop3",75,10,0.000444203054779742
"157/stop3/_rustop3_4d.nii.gz","157","stop3",75,11,0.000462637273836991
"157/stop3/_rustop3_4d.nii.gz","157","stop3",76,1,2.08213904655448
"157/stop3/_rustop3_4d.nii.gz","157","stop3",76,2,0.0223898605030567
"157/stop3/_rustop3_4d.nii.gz","157","stop3",76,3,0.00802014236266818
"157/stop3/_rustop3_4d.nii.gz","157","stop3",76,4,0.00400830964854595
"157/stop3/_rustop3_4d.nii.gz","157","stop3",76,5,0.00211960240844707
"157/stop3/_rustop3_4d.nii.gz","157","stop3",76,6,0.00150060744651214
"157/stop3/_rustop3_4d.nii.gz","157","stop3",76,7,0.00109981142331147
"157/stop3/_rustop3_4d.nii.gz","157","stop3",76,8,0.000751797703570378
"157/stop3/_rustop3_4d.nii.gz","157","stop3",76,9,0.000607710478962273
"157/stop3/_rustop3_4d.nii.gz","157","stop3",76,10,0.000479978877123438
"157/stop3/_rustop3_4d.nii.gz","157","stop3",76,11,0.000434313389869491
"157/stop3/_rustop3_4d.nii.gz","157","stop3",77,1,2.09242618713959
"157/stop3/_rustop3_4d.nii.gz","157","stop3",77,2,0.0225525841833191
"157/stop3/_rustop3_4d.nii.gz","157","stop3",77,3,0.00792558014820461
"157/stop3/_rustop3_4d.nii.gz","157","stop3",77,4,0.00414665248860814
"157/stop3/_rustop3_4d.nii.gz","157","stop3",77,5,0.00235448637689774
"157/stop3/_rustop3_4d.nii.gz","157","stop3",77,6,0.00157719875275951
"157/stop3/_rustop3_4d.nii.gz","157","stop3",77,7,0.00114299818513026
"157/stop3/_rustop3_4d.nii.gz","157","stop3",77,8,0.000761677030419839
"157/stop3/_rustop3_4d.nii.gz","157","stop3",77,9,0.000593900832892481
"157/stop3/_rustop3_4d.nii.gz","157","stop3",77,10,0.000432344763807791
"157/stop3/_rustop3_4d.nii.gz","157","stop3",77,11,0.00038154057419871
"157/stop3/_rustop3_4d.nii.gz","157","stop3",78,1,2.09631328791876
"157/stop3/_rustop3_4d.nii.gz","157","stop3",78,2,0.0224795864438334
"157/stop3/_rustop3_4d.nii.gz","157","stop3",78,3,0.00765470670602421
"157/stop3/_rustop3_4d.nii.gz","157","stop3",78,4,0.00407674196161914
"157/stop3/_rustop3_4d.nii.gz","157","stop3",78,5,0.0022705520395185
"157/stop3/_rustop3_4d.nii.gz","157","stop3",78,6,0.00153618963423668
"157/stop3/_rustop3_4d.nii.gz","157","stop3",78,7,0.00113663813654498
"157/stop3/_rustop3_4d.nii.gz","157","stop3",78,8,0.000711546133731878
"157/stop3/_rustop3_4d.nii.gz","157","stop3",78,9,0.000543137378226298
"157/stop3/_rustop3_4d.nii.gz","157","stop3",78,10,0.000445570995187972
"157/stop3/_rustop3_4d.nii.gz","157","stop3",78,11,0.000372061666130664
"157/stop3/_rustop3_4d.nii.gz","157","stop3",79,1,2.08700226098764
"157/stop3/_rustop3_4d.nii.gz","157","stop3",79,2,0.0228810499594224
"157/stop3/_rustop3_4d.nii.gz","157","stop3",79,3,0.00755132852453656
"157/stop3/_rustop3_4d.nii.gz","157","stop3",79,4,0.00407017441097304
"157/stop3/_rustop3_4d.nii.gz","157","stop3",79,5,0.00214933103000244
"157/stop3/_rustop3_4d.nii.gz","157","stop3",79,6,0.00148974204929577
"157/stop3/_rustop3_4d.nii.gz","157","stop3",79,7,0.00116118575201326
"157/stop3/_rustop3_4d.nii.gz","157","stop3",79,8,0.000776390261509497
"157/stop3/_rustop3_4d.nii.gz","157","stop3",79,9,0.000576037850175667
"157/stop3/_rustop3_4d.nii.gz","157","stop3",79,10,0.000450396802537957
"157/stop3/_rustop3_4d.nii.gz","157","stop3",79,11,0.000484601852181774
